,City,Country Code,Latitude,Longitude,Temperature,Humidity,Cloudiness,Wind Speed
0,busselton,au,-66.0778086242278,88.29085303770341,62.98,100,44,9.64
1,makinsk,kz,52.35634669754026,69.97505475162035,24.1,85,0,14.67
2,ankazoabo,mg,-21.543342561304982,42.959799125976616,87.37,34,8,9.53
3,yellowknife,ca,83.59756725284262,-109.24102222814312,-14.81,75,90,3.36
4,zykovo,ru,55.723040060524795,93.30733751997951,24.64,89,92,16.35
5,severo-kurilsk,ru,50.53425398779555,156.55521202331704,23.56,100,32,8.08
6,sentyabrskiy,ru,26.78039996288325,163.3493963874967,No Data from API,No Data from API,No Data from API,No Data from API
7,victoria,sc,-1.7688453609739554,50.173950486403726,86,70,0,5.82
8,arraial do cabo,br,-42.04155812208577,-20.896136882441112,86.88,79,0,17.22
9,yerbogachen,ru,64.22207861584405,106.9288718865584,11.73,73,0,4.61
10,cherskiy,ru,70.56874074129036,162.91188982948034,-15.95,47,12,2.71
11,lensk,ru,59.86106586785132,116.03541196640379,16.27,65,76,4.38
12,severnyy,ru,70.46031900807534,64.4999259365577,No Data from API,No Data from API,No Data from API,No Data from API
13,ushuaia,ar,-72.98322032073332,-32.35345666987587,43.83,60,75,13.87
14,rikitea,pf,-49.621417885294065,-119.48907979098963,79.41,100,76,13.44
15,bredasdorp,za,-71.70896487048344,20.387264523818004,80.6,42,24,9.17
16,saskylakh,ru,73.50982706466638,113.47160333714356,-24.55,36,0,5.61
17,ribeira grande,pt,31.122982780882808,-44.37286726190578,66.2,82,20,17.22
18,vaini,to,-66.78757725604501,-179.28609625318165,77,78,20,3.36
19,iquitos,pe,-2.6826949730021283,-74.48374203759252,77,83,75,5.82
20,port pirie,au,-33.59392955137774,137.95908966021472,69.8,26,0,9.17
21,nuqui,co,5.431379161410277,-77.85742754829023,78.06,96,76,2.71
22,voyvozh,ru,62.67322961157737,54.56226628769164,0.21,73,0,3.94
23,kapaa,us,35.98093233524396,-161.38219523199595,63.39,88,1,8.05
24,kavaratti,in,11.024589073182426,72.0044245471949,83.32,100,0,4.38
25,rawson,ar,-51.146710803684044,-59.04251169290016,65.1,38,92,3.94
26,bluff,nz,-76.20562018664756,156.15991916325277,58.71,98,92,30.11
27,broken hill,au,-29.066463503794132,144.84498757228607,52.36,56,0,6.17
28,alofi,nu,-17.17478950840963,-168.85932102384237,73.4,100,75,1.12
30,kyabram,au,-36.7626515088945,145.09986873753076,56.1,71,44,8.75
31,mahebourg,mu,-44.22633575583208,78.92933574676601,82.4,69,75,3.36
32,tiksi,ru,69.83440143476963,129.38632171734582,-12.31,58,0,12.1
33,sorvag,fo,63.43968885046999,-10.443380455204363,No Data from API,No Data from API,No Data from API,No Data from API
34,te anau,nz,-40.833265642225754,165.1420229761386,50.16,92,80,10.31
35,new norfolk,au,-58.039314372168846,134.63908077308884,57.2,67,90,8.05
36,faanui,pf,-3.7251787561443876,-156.973416992787,81.07,100,68,16.46
39,jiuquan,cn,40.03079866341483,99.6435523910298,36.93,63,8,4.38
40,touros,br,0.4837083065869052,-34.27808506129756,82.65,93,32,9.75
41,alyangula,au,-14.543223527875753,135.77064005939235,83.55,100,44,5.28
42,ahipara,nz,-34.51645322784855,165.51788102847286,61.5,100,80,6.96
43,albany,au,-64.6533963165938,103.77463813254968,56.46,87,0,9.19
44,puerto escondido,mx,6.853156085668303,-99.1126069441295,81.75,100,0,4.61
45,taolanaro,mg,-87.21221300675676,62.857383196752124,No Data from API,No Data from API,No Data from API,No Data from API
46,ilebo,cd,-3.348484560033782,20.608756567758547,85.98,67,20,3.6
47,cidreira,br,-57.36144517605029,-22.095016801379558,70.99,100,80,13.22
48,castro,cl,-42.870877694066444,-88.5701003205877,54.48,99,92,7.18
49,alta gracia,ar,-32.18153048190142,-65.37583925612158,71.6,33,0,13.87
50,airai,pw,9.41483231768268,141.01346196374567,No Data from API,No Data from API,No Data from API,No Data from API
51,punta arenas,cl,-86.40368412997174,-93.82105843139202,45.43,52,75,17.22
52,vredendal,za,-32.14439355531918,18.454144558015315,78.51,32,8,5.17
53,rairangpur,in,22.219183234859443,86.21881048042417,72.3,67,0,1.92
54,kavieng,pg,7.462521263524749,156.20900864171017,80.85,100,56,8.63
55,carutapera,br,6.886376797611305,-42.25494727066649,84.94,88,32,5.06
56,hilo,us,3.8923247810082415,-153.22084783079586,68,82,1,5.82
57,tacna,pe,-18.040491861351967,-70.47416845497862,70.18,82,90,2.24
58,avarua,ck,-51.67543348534033,-164.9311156356828,75.2,94,90,9.17
59,anadyr,ru,65.96292277940947,177.13813846797547,-5.81,70,0,6.71
60,puerto ayora,ec,-13.002281013920793,-92.7003553625999,78.8,78,40,13.87
64,bethel,us,41.67242457033669,-171.83730665509904,33.8,74,90,10.29
66,wamba,cd,1.0651168228606878,26.942678484403956,74.28,100,20,1.14
69,provideniya,ru,65.65273641374142,-175.87340300027162,22.8,100,80,6.62
70,torbay,ca,46.462619059097364,-41.46229354048077,44.6,12,75,5.82
71,atuona,pf,-5.25293079130806,-129.03412769308136,81.3,100,92,15.01
72,esperance,au,-32.86794369680507,124.19820229992126,52.86,92,0,1.92
73,sitka,us,48.101859252344894,-141.75473609328265,45.07,69,92,19.26
74,vila franca do campo,pt,37.4774515396318,-20.512069136859594,64.4,72,20,8.05
75,surgut,ru,62.04982302309065,73.5463229816886,17.6,52,32,15.66
76,manggar,id,-1.6415908313917953,109.07839610230337,76.3,100,44,3.94
77,hermanus,za,-76.05032654849526,11.367264395466009,77.11,29,8,9.31
78,nizhneyansk,ru,88.81257242201681,136.5059169899905,No Data from API,No Data from API,No Data from API,No Data from API
79,qaanaaq,gl,73.3696921437002,-85.62628324170558,-11.72,74,0,7.4
80,baruun-urt,mn,47.53033165548908,113.88493472186752,35.58,33,0,13.78
81,marzuq,ly,25.606053541356786,14.613465436956915,No Data from API,No Data from API,No Data from API,No Data from API
82,yulara,au,-26.68364223866066,127.81001290739192,68,28,0,4.7
83,barrow,us,76.32772280311016,-154.28733071855217,51.22,93,90,11.41
84,tumannyy,ru,82.7942566511766,38.956074855810556,No Data from API,No Data from API,No Data from API,No Data from API
85,sao joao da barra,br,-30.877355737980594,-24.672693382594275,84.2,58,40,11.41
86,barentsburg,sj,85.1736421792919,11.167029349257717,No Data from API,No Data from API,No Data from API,No Data from API
87,natal,br,-1.95941152914736,-25.427143127443742,87.8,66,75,14.99
92,carnarvon,au,-19.4538774665713,107.05999843747685,79.45,93,0,17.13
104,toliary,mg,-26.874733821289873,39.95801008055045,No Data from API,No Data from API,No Data from API,No Data from API
108,saint-philippe,re,-56.01043524009999,68.27011016324565,78.67,65,0,18.34
109,georgetown,sh,-4.172802002068025,-9.856557284675858,80.44,100,0,10.2
110,riviere-au-renard,ca,48.64108846983004,-62.89054898362386,33.8,34,75,2.24
112,butaritari,ki,14.83267828040998,167.4246014944701,81.79,100,80,11.65
114,attawapiskat,ca,63.74690472032265,-85.91571532041984,No Data from API,No Data from API,No Data from API,No Data from API
116,belushya guba,ru,84.53054817352199,57.52416203898943,No Data from API,No Data from API,No Data from API,No Data from API
119,vardo,no,86.18742994954789,36.22764450454309,22.23,85,75,17.22
120,kaitangata,nz,-73.63279020000039,179.5186744803749,56.32,66,0,20.27
121,chuy,uy,-42.901353555724256,-44.28846730329852,71.35,83,48,13.89
122,morgantown,us,39.16174638530012,-79.45353621503554,38.16,93,90,5.82
123,ponta do sol,cv,25.163134771544605,-35.3168926217117,69.64,100,0,15.35
124,norman wells,ca,68.47085566082549,-124.12390760730119,-29.21,66,20,2.59
126,chokurdakh,ru,84.85143460118394,153.05133661257446,-13.97,63,44,2.82
127,bonavista,ca,52.83478792498488,-50.510934374664686,36.66,78,0,6.62
129,husavik,is,78.22112730590254,-9.656926281910273,37.4,64,75,17.22
131,puerto pinasco,py,-22.90035166277113,-58.46916196370911,No Data from API,No Data from API,No Data from API,No Data from API
132,hobart,au,-53.814417889782746,144.64820697123474,55.4,71,90,9.17
134,aswan,eg,24.355757698278097,33.529759909408,104,10,0,6.93
135,sao felix do xingu,br,-5.856314698861027,-51.8227666804101,84.81,73,20,2.93
136,college,us,65.93057563956324,-152.73206695069337,0.14,54,1,10.29
137,urumqi,cn,45.21430533906647,90.1553774441578,No Data from API,No Data from API,No Data from API,No Data from API
138,vila velha,br,-26.963271813849147,-23.21670217007633,84.2,79,75,9.17
139,diffa,ne,15.59760259295102,12.938162628733636,105.28,18,0,11.99
141,mataura,pf,-83.2260466915258,-162.81315666359734,No Data from API,No Data from API,No Data from API,No Data from API
142,tsihombe,mg,-30.598690836450942,45.17958838402396,No Data from API,No Data from API,No Data from API,No Data from API
144,doha,kw,29.559418757140804,45.379078403509396,No Data from API,No Data from API,No Data from API,No Data from API
146,port alfred,za,-89.57470331149155,47.011584599815194,79.41,70,0,11.43
148,roald,no,74.07052243505126,0.9987170857406511,41,35,0,8.05
152,leshukonskoye,ru,67.40218121229066,48.14824390250908,13.3,53,0,6.85
155,camabatela,ao,-8.791714777305998,14.824026541489474,75.4,81,68,7.07
156,lagoa,pt,51.18639694087173,-25.19054099512917,68,49,0,10.29
157,moju,br,-2.1162282555931995,-48.52640638566257,86,62,75,8.05
159,tikaitnagar,in,26.959372775121565,81.4726906244926,83.28,26,0,10.87
160,luau,ao,-9.811151154450428,22.05268748142018,78.6,77,8,3.83
161,la palma,pa,6.044312040990221,-79.94472437527571,85.21,70,44,9.19
162,tayoltita,mx,24.03822389762024,-105.7923039253306,68.56,54,12,1.92
163,clyde river,ca,72.24287351811142,-66.33107228313449,-4.01,83,75,6.93
164,abilene,us,33.24973127165369,-99.73313988556734,59.07,100,90,16.11
165,mehamn,no,84.11802708874501,28.926174490906988,26.6,73,75,26.4
167,kapustin yar,ru,48.99978164521568,46.18925636480475,45.16,89,64,13.44
169,amderma,ru,78.03017920814912,63.95461431015505,No Data from API,No Data from API,No Data from API,No Data from API
170,ucluelet,ca,48.56321337712731,-126.71749862129306,46.4,100,90,9.17
171,kedrovyy,ru,57.556299228710486,79.07599068000411,32,70,0,11.18
172,alta floresta,br,-10.553333490347654,-53.11193570113747,77.65,90,88,2.93
179,gat,ly,27.089096289282352,9.734910282261296,No Data from API,No Data from API,No Data from API,No Data from API
181,cape town,za,-69.05594239964266,-6.465506343734859,75.2,36,0,16.11
182,codrington,ag,24.12835180818746,-54.66461810291365,No Data from API,No Data from API,No Data from API,No Data from API
183,salta,ar,-25.302861555406153,-66.68169157677008,60.37,82,75,3.71
184,raposa,br,-6.468597119215644,-44.122008349186075,No Data from API,No Data from API,No Data from API,No Data from API
185,nikolskoye,ru,43.673532474168184,174.67435980960045,26.6,53,0,11.18
187,moissac,fr,43.869717485717615,0.9241290366621229,54.46,87,90,14.99
188,fairbanks,us,67.10839944982496,-145.5670235700307,0.12,54,1,10.29
191,lufilufi,ws,-12.469691441399348,-170.96261163862513,78.8,94,75,2.24
192,solnechnyy,ru,58.70047458728445,136.61927893162635,32.61,79,68,2.37
193,seybaplaya,mx,19.612561438766363,-90.89085548132489,77,78,5,11.41
194,balkhash,kz,46.03746226464938,75.33558717139059,36.43,74,64,3.04
195,vilyuysk,ru,65.87959270730147,121.34809124874147,4.98,68,0,4.38
196,labuan,my,6.420171834064604,114.91575639623073,80.6,83,75,5.82
197,pevek,ru,81.1850297495794,172.44131667036987,-15.77,70,0,4.72
198,sibu,my,4.541857248773724,110.87319168561169,75.2,94,75,2.24
199,caravelas,br,-22.05902201582451,-29.455209428962405,81.3,100,56,11.99
200,male,mv,3.922070902237948,74.76301646806769,86,66,20,4.7
203,souillac,mu,-37.363144362763194,66.46219100535097,82.4,69,75,3.36
205,port elizabeth,za,-61.829355742418485,32.9638036627193,73.4,73,0,11.41
208,imbituba,br,-29.016271540301723,-43.876998530889495,77,73,40,2.24
209,pangody,ru,68.38684518921437,73.49464834633184,-8.3,79,32,20.49
210,geraldton,au,-31.771687413317835,110.90758533978862,68,77,40,12.75
214,banda aceh,id,3.0388360324271275,91.39464443427426,75.67,93,24,2.26
215,khatanga,ru,75.35065517303687,104.6684063242651,-35.12,65,0,2.93
216,kudymkar,ru,58.705900604399545,54.61338672568226,20.14,77,56,4.38
218,hithadhoo,mv,-13.554695032769544,75.15534266095247,84.45,100,48,8.75
222,yankton,us,42.47886788338326,-98.09333460792111,39.2,80,1,9.17
223,ixtapa,mx,10.036215518492398,-105.52890985807122,69.33,69,0,2.82
224,tire,tr,38.104252772867795,27.816721159694907,61.75,72,75,11.41
226,dikson,ru,87.70305474005193,84.94028869090374,-10.46,89,20,14.67
228,salalah,om,17.643602271601367,50.896736350665975,84.2,58,0,4.7
229,laredo,us,28.1285809676356,-98.88165287076224,74.5,73,90,11.41
230,coquimbo,cl,-28.09085472578488,-75.18012256833647,55.4,93,90,5.82
231,palafrugell,es,41.828770286326204,3.406540539365892,57.2,67,20,9.17
232,longyearbyen,sj,86.68223134842802,25.39990700209657,12.2,66,75,4.7
233,adrar,dz,25.73026628192605,2.7661618200686746,73.4,11,0,18.34
235,batagay-alyta,ru,69.93220105824892,130.46659169219993,1.33,64,68,2.71
236,hudson bay,ca,52.856267933944764,-103.08198683016387,25.99,84,76,3.49
237,jamestown,sh,-18.23877895183587,0.04148631600142494,73.83,100,12,1.92
238,saint anthony,ca,52.96140042949847,-54.487590953385464,No Data from API,No Data from API,No Data from API,No Data from API
239,tilichiki,ru,58.447959437632676,167.89988945491552,-15.5,68,12,2.93
240,neyshabur,ir,35.89360062129539,58.82496047938935,59.74,52,0,2.93
242,kristianstad,se,55.70357023188069,14.421410003022885,30.2,92,90,14.99
243,ngukurr,au,-15.92139369370274,134.07258621665983,No Data from API,No Data from API,No Data from API,No Data from API
244,pemberton,ca,51.285342732208534,-123.52431455321667,35.6,100,90,5.82
245,mys shmidta,ru,86.90770542513246,-171.4492876981402,No Data from API,No Data from API,No Data from API,No Data from API
247,illoqqortoormiut,gl,83.16099819721745,-22.90639652914666,No Data from API,No Data from API,No Data from API,No Data from API
248,bratsk,ru,55.32483751086994,102.4506354217931,28.4,68,68,11.18
249,tatishchevo,ru,51.59291285698751,45.40660480554422,35.6,59,0,11.18
250,chippewa falls,us,45.92952020576797,-90.97299347196514,34.66,93,90,10.29
252,hailey,us,43.74056362952541,-114.16023095061772,24.8,68,40,6.93
253,zakamensk,ru,50.66265609736223,102.57003640887478,19.87,71,44,3.38
254,el faiyum,eg,29.06918869618879,29.913940874762318,No Data from API,No Data from API,No Data from API,No Data from API
255,tobermory,gb,56.50311182980539,-6.97923830536584,No Data from API,No Data from API,No Data from API,No Data from API
256,namatanai,pg,2.7771735949892076,156.9740224931055,83.01,100,68,3.6
261,portland,au,-49.303867289421135,136.01468773114158,50.29,93,0,3.83
266,grand river south east,mu,-22.04840529044229,72.49247447627761,No Data from API,No Data from API,No Data from API,No Data from API
268,upernavik,gl,78.04721561728968,-56.27512480995625,-7.58,100,0,10.2
269,hasaki,jp,26.31856898368656,159.84307177885682,52.52,87,75,4.7
270,kloulklubed,pw,7.946582897708936,132.752996977693,82.4,83,75,10.29
273,kenai,us,64.85338788661193,-153.17241331056636,18.52,72,75,5.82
274,aflu,dz,34.697094957540074,0.8420959527176421,No Data from API,No Data from API,No Data from API,No Data from API
276,maine-soroa,ne,13.730777857709327,12.011919707004182,105.33,16,0,11.21
278,lolua,tv,-7.513816095532491,174.17581447036213,No Data from API,No Data from API,No Data from API,No Data from API
279,grand gaube,mu,-14.289584801951847,68.08568392736882,82.4,69,75,3.36
281,umzimvubu,za,-48.921409377931205,43.596013708107336,No Data from API,No Data from API,No Data from API,No Data from API
282,lompoc,us,22.15918359746054,-134.9240014196249,44.62,86,1,8.97
283,kumano,jp,32.96654759257059,137.11754217595143,53.6,71,5,6.93
285,tibati,cm,6.694338149680391,12.53562304041975,91.56,32,80,4.5
287,dzaoudzi,yt,-12.694458321810131,46.28185730750272,84.2,74,40,10.29
291,vaitupu,wf,0.35725698243936677,-175.37595756663427,No Data from API,No Data from API,No Data from API,No Data from API
293,tasiilaq,gl,60.23677865176461,-36.46277346651539,30.2,92,90,14.99
297,kirakira,sb,-9.445874797646567,163.3326100818735,83.28,100,64,2.37
298,acapulco,mx,7.720162080840339,-103.140590962059,73.4,83,40,2.71
299,port lincoln,au,-36.15249741313177,134.96385784322086,65.41,98,68,14.34
303,east london,za,-56.98663083753655,44.81685551721375,80.6,69,0,12.75
306,sao filipe,cv,9.23333502650759,-31.55156439666098,72.79,89,0,13.44
307,padang,id,-8.732806147065375,91.23418776754738,78.96,100,32,3.71
309,yelizovo,ru,53.64455557539745,158.21744670771722,14,78,24,2.24
310,lethem,gy,2.412692842014735,-57.20103578203353,90.88,53,0,15.9
312,namibe,ao,-14.198524581979981,4.198497628971182,78.06,100,92,6.85
314,glenwood springs,us,38.8263440198177,-106.82186875475314,24.82,58,1,2.93
315,hunza,pk,37.65454552019496,74.18118451309789,No Data from API,No Data from API,No Data from API,No Data from API
316,thompson,ca,65.38423104370628,-93.94456775661146,3.2,59,20,14.99
318,ambilobe,mg,-11.031375841723232,50.97458301457931,72.79,100,88,2.59
324,douglas,us,43.20988207562573,-104.50059598248907,59.27,72,90,6.93
326,mabaruma,gy,8.056722746265052,-58.865850218314975,81.66,81,92,8.63
327,tuktoyaktuk,ca,80.64400273591659,-125.96775084295822,-4.15,76,90,2.24
329,waingapu,id,-12.664193349768382,120.5893457802436,75,96,20,4.05
331,ekhabi,ru,53.91464025166434,146.96106273403478,23.02,80,0,3.71
332,povenets,ru,63.048103513443294,34.86499150150496,20.95,71,56,3.94
333,maningrida,au,-10.407905525858794,133.59960898510514,81.93,85,0,5.61
337,plettenberg bay,za,-48.26902783837664,24.36383452319535,78.6,73,0,6.73
338,avera,pf,-29.57354103931828,-154.41821374258953,No Data from API,No Data from API,No Data from API,No Data from API
343,pacifica,us,36.90013419075562,-125.45065994114832,49.23,66,20,5.82
344,faya,td,20.73322884909831,21.39113466271391,No Data from API,No Data from API,No Data from API,No Data from API
346,bay roberts,ca,45.76013059130605,-53.79574845732954,44.6,12,75,5.82
348,moree,au,-28.621817485951105,148.34063409762967,72.21,65,8,8.75
349,meulaboh,id,-3.578884260324486,91.35862385441573,79.72,100,100,2.15
350,impfondo,cg,1.1408064154875035,17.715914628529333,74.41,98,80,3.38
353,hirara,jp,22.93105212928478,127.16359778851569,71.85,100,0,13.56
356,san patricio,mx,5.57474305395651,-115.80413019311176,66.2,100,5,3.15
358,sabang,ph,14.806518137772969,123.13743730577079,77.83,93,100,11.21
359,barawe,so,-1.1901044681578412,46.12242257463336,No Data from API,No Data from API,No Data from API,No Data from API
362,morro bay,us,33.44466752720126,-123.7455981664459,38.57,80,1,4.7
363,mingshui,cn,37.1312694397447,117.40727687076583,63.25,95,36,2.59
364,paamiut,gl,64.08197909306188,-47.221989297907186,21.13,100,76,6.29
365,kodiak,us,48.689054022650964,-152.11782268172442,39.2,93,75,3.36
368,salerno,it,40.70846151695406,14.793911769001653,56.62,71,40,10.29
371,champerico,gt,12.18642930842968,-93.29768575734748,78.8,69,75,2.59
372,krasnoselkup,ru,66.73536185057026,82.50387043466816,No Data from API,No Data from API,No Data from API,No Data from API
375,bolungarvik,is,68.70599432167535,-25.37060788605106,No Data from API,No Data from API,No Data from API,No Data from API
379,samusu,ws,-11.097170602328376,-166.31324593948065,No Data from API,No Data from API,No Data from API,No Data from API
380,hofn,is,58.56099481914649,-15.526478668801673,38.1,100,92,28.77
382,bathsheba,bb,12.645652007423053,-53.178782808288645,84.2,70,40,18.34
383,chicama,pe,-12.15417668707839,-86.21778927851314,68,88,75,5.82
384,sorland,no,68.58509718729076,10.915178145023987,36.68,59,40,14.99
385,dilla,et,6.571611744096458,38.09852158409086,73.83,40,92,2.48
386,qom,ir,34.57115275474955,50.90892363028712,73.24,32,0,3.94
387,hurghada,eg,27.30787490190494,34.44850944361872,No Data from API,No Data from API,No Data from API,No Data from API
389,dabat,et,13.530914365706778,37.30036879264773,80.31,25,32,1.81
390,the pas,ca,54.178396947919595,-99.20411827803767,6.8,60,40,11.41
391,saint-esteve,fr,42.73018586072152,2.496750766348441,64.4,52,75,17.22
392,cayenne,gf,5.678550679630845,-51.22500261765299,84.2,70,75,11.41
395,iqaluit,ca,62.711113351932994,-73.92128911873505,1.4,59,5,13.87
401,amiens,fr,50.21487718015874,2.2061826161047122,52.74,93,90,16.11
402,santa ana,ph,18.257823098613187,123.07177418010559,79.32,65,90,2.24
403,pamekasan,id,-6.131630237272191,113.27522232341022,81.88,96,68,2.71
404,sabang,id,7.535081341178781,92.69005683446181,82.2,100,8,10.65
405,chingola,zm,-12.518918565611443,27.868132840750462,80.4,58,24,6.96
406,zhezkazgan,kz,48.93741889964599,68.10050427544161,27.88,70,0,6.96
409,riohacha,co,12.458928092125035,-73.1893489174563,84.2,62,75,13.87
413,tsiroanomandidy,mg,-18.542119668445267,45.91513166068438,79.27,47,0,4.83
414,amga,ru,60.196912071551225,132.90516859696515,17.44,61,64,9.42
416,mar de espanha,br,-21.866205242031697,-42.875272623021715,79.05,83,0,5.39
417,puerto baquerizo moreno,ec,0.0635280269656846,-89.64221476792953,78.8,78,20,4.7
420,sioux lookout,ca,54.621621165549584,-89.68530510550576,31.23,92,90,5.82
425,enniskerry,ie,53.10674259402299,-6.1832147226857614,47.3,70,75,18.34
426,saldanha,za,-36.49681667713984,12.359137091215814,71.6,53,8,9.17
428,klaksvik,fo,71.31797422796333,-1.2513111372066135,42.8,70,80,24.16
429,kruisfontein,za,-39.43405226756844,24.89204642054176,82.51,45,0,11.1
430,olivet,fr,47.535662396594745,1.709913327336892,57.83,76,90,17.22
437,makokou,ga,0.6237466470417132,13.219807252911664,77.2,90,88,2.93
438,rocha,uy,-40.71507483960714,-49.19845297814297,70.72,70,8,8.08
439,nikki,bj,9.718912061919411,3.7288630576977084,102.22,27,0,5.28
446,sebinkarahisar,tr,39.660546426321815,38.69224627805502,50.16,57,20,5.39
448,santa cruz,cr,7.921243705738021,-88.19696527256721,86,51,20,21.92
453,preobrazheniye,ru,41.04507927177846,135.3879522808822,29.46,78,0,2.26
454,shetpe,kz,44.82627621927358,51.34987466320541,57.81,66,92,8.63
456,yei,sd,4.318915672096523,30.017640567055054,No Data from API,No Data from API,No Data from API,No Data from API
457,leningradskiy,ru,82.6205065789527,178.46827378074403,-1.19,80,76,8.97
461,taicheng,cn,21.687101511731456,112.66670050936312,66.31,100,32,2.82
467,umarga,in,17.922786129789714,76.7492115894529,78.91,35,0,4.72
473,manokwari,id,0.37106840654713835,133.90986775505604,84.58,93,0,3.38
477,ancud,cl,-42.762204344858,-104.66751694113685,55.69,98,92,7.74
479,charters towers,au,-20.16017717835365,143.81316240848867,72.21,94,88,10.76
482,beloha,mg,-28.467078984347204,40.92269110522071,82.42,58,0,15.23
484,olafsvik,is,65.92222289604732,-28.914493939958987,No Data from API,No Data from API,No Data from API,No Data from API
485,kitimat,ca,51.98857024377827,-129.3099309178988,39.2,86,75,12.75
487,westport,ie,57.40054502723018,-15.24781195767406,42.8,75,75,14.99
488,samarai,pg,-12.334866824183678,150.28253905999594,82.65,100,12,3.15
490,les cayes,ht,16.52465305560527,-73.4918704386595,79.95,98,0,4.61
491,dingle,ie,50.58009395590727,-15.470249321495544,47.46,93,76,13.56
492,eyl,so,6.100338850673069,53.12540508071709,82.2,84,0,15.12
493,louisbourg,ca,40.953678235383734,-58.924261439715764,No Data from API,No Data from API,No Data from API,No Data from API
500,temaraia,ki,-1.8030466742482503,172.65628052026284,No Data from API,No Data from API,No Data from API,No Data from API
502,pavlodar,kz,52.850730651821465,77.49174943085609,26.6,92,0,6.71
504,wa,gh,9.308833236612656,-1.904281305325469,101.46,25,48,4.5
505,rungata,ki,-1.409144104638898,178.17041801654284,No Data from API,No Data from API,No Data from API,No Data from API
506,angoche,mz,-16.14758911669837,40.070217417631085,85.71,100,0,13.78
507,de aar,za,-31.324694204367866,23.858055505056427,84.67,14,0,9.86
511,ust-nera,ru,64.4221340432108,141.63600749013654,-0.02,65,48,2.71
522,chama,zm,-11.191698903475427,32.58245283861976,84.58,48,8,13
528,cedar city,us,37.49157315875189,-111.80285093919618,28.4,63,1,5.82
532,jiaozhou,cn,36.46477989238109,119.96134824179995,60.8,51,0,15.66
533,jaru,br,-9.499677909847875,-61.97884125083863,80.8,81,68,3.38
535,lorengau,pg,9.85701071634692,150.87212711003872,81.93,100,68,5.84
538,jumla,np,34.60830249164616,84.29113925563155,25.41,87,0,1.36
540,bosaso,so,11.950307520300157,47.08030364331964,78.6,99,0,12.77
541,oranjemund,na,-32.94404346491764,8.482216762114149,62.76,95,0,10.98
542,arlit,ne,19.674295449898636,9.457356626624062,92.59,18,0,10.2
543,talnakh,ru,72.17541043170809,94.4842635570709,18.34,81,80,14
547,clarence town,bs,23.677443016815815,-75.88596662060841,73.56,100,36,22.39
548,dicabisagan,ph,16.69202802078442,123.02655632345017,71.31,100,100,8.75
550,richards bay,za,-31.565600575802485,34.87223586694569,80.62,68,0,9.19
551,dalianwan,cn,38.94155189828962,121.89795693168605,64.4,48,0,11.18
553,chimbote,pe,-12.999537097939196,-86.19247908363751,72.75,85,20,4.61
554,grindavik,is,54.698901276739576,-23.371763541457653,40.3,80,90,29.97
556,ketchikan,us,53.23480876686219,-133.70704728769567,39.2,86,90,8.75
562,melton,au,-37.51556077719017,144.38057204955572,66.79,37,0,19.46
563,port-cartier,ca,53.45814621919527,-69.03289666688187,30.2,68,40,5.82
564,hamilton,bm,29.882344570465264,-70.04522825143607,59,72,75,19.46
569,jharsuguda,in,21.781442818416124,84.10197261442397,77.56,44,0,5.61
570,erzin,ru,49.540617625224144,94.20157964109478,19.83,78,0,2.15
572,sumbawa,id,-10.259049156219177,118.06006515529492,No Data from API,No Data from API,No Data from API,No Data from API
574,poum,nc,-21.829582465380753,159.0050767112341,80.89,100,92,20.71
577,zhicheng,cn,26.70273544110043,118.15192801497597,57,48,0,3.94
578,qaqortoq,gl,65.82574952265838,-45.5436539504617,23,38,20,3.36
581,coihaique,cl,-47.92682801904693,-72.16410319209744,51.8,81,90,3.36
588,kuliyapitiya,lk,7.723385606611998,79.69616121852613,84.2,74,40,5.82
589,balimo,pg,-8.24630470615027,143.27349270438526,No Data from API,No Data from API,No Data from API,No Data from API
593,amudat,ug,1.8207297373353697,35.19477171376141,74.14,65,0,9.31
594,luderitz,na,-35.12372575626051,1.391662428564473,67.84,63,0,8.08
596,grand centre,ca,58.93166228878306,-109.23230837089736,No Data from API,No Data from API,No Data from API,No Data from API
597,lebu,cl,-35.523561928591604,-101.6535438587729,59.43,99,0,12.66
598,cabo san lucas,mx,14.337705941609286,-114.99000689268598,64.4,77,5,11.41
599,pisco,pe,-28.3059607631238,-99.66971068301015,73.4,78,0,4.7
600,shimoda,jp,24.079267580159822,141.48961331260148,60.6,100,0,16.02
605,itarema,br,6.241571316897009,-35.35550991250375,84.9,96,44,8.41
606,ryotsu,jp,40.14965953233323,136.89101182428635,50.16,86,0,5.73
607,nabire,id,-6.123063919685293,137.0383947424221,67.66,86,44,2.59
610,kralendijk,an,13.050090661194332,-66.94431221370068,No Data from API,No Data from API,No Data from API,No Data from API
613,saleaula,ws,-4.051510275706292,-169.30276834067422,No Data from API,No Data from API,No Data from API,No Data from API
616,camacha,pt,33.78234392399915,-16.859499199883516,65.41,68,40,19.46
617,fortuna,us,33.57582191000543,-140.3237138620841,44.06,93,90,5.82
618,ardistan,ir,34.10446988895916,52.74837108497991,No Data from API,No Data from API,No Data from API,No Data from API
619,dabhol,in,17.285872013599914,72.15389162151664,80.62,93,8,4.16
620,luena,ao,-11.473934663155916,18.7013542543404,73.6,85,44,4.16
625,tucuma,br,1.2793093479932907,-48.94865243593793,No Data from API,No Data from API,No Data from API,No Data from API
628,kamloops,ca,50.38144799101556,-120.13037995281503,41,73,75,5.82
630,zalantun,cn,48.578973764875315,121.91652240538883,45.75,56,12,21.72
631,mantua,cu,25.343203900639494,-86.33529323549129,79.09,59,0,13
634,karasjok,no,69.51365940446206,25.593466800556257,26.6,73,75,14.99
635,dinajpur,bd,25.756450435508626,88.70049375124887,73.78,70,0,10.65
637,mar del plata,ar,-66.70484177355586,-23.585771645577978,56.73,71,64,18.81
638,constitucion,mx,17.26180535965949,-122.44502514786683,50,53,5,2.24
641,lipin bor,ru,60.206756529034806,37.62974800121043,19.69,79,48,4.94
649,sola,vu,-14.894192844908318,168.74892160977174,82.51,97,64,2.82
655,montes altos,br,-6.154360509119442,-46.829257550235894,86,70,40,9.17
658,warqla,dz,28.612719459634874,7.350697365210237,No Data from API,No Data from API,No Data from API,No Data from API
659,hun,ly,27.93713191690722,16.173616177898793,61.99,47,92,18.7
660,jiamusi,cn,46.78754512957991,130.71888615923024,51.33,70,8,18.7
663,bambous virieux,mu,-31.201549569996715,80.96948670672168,82.4,69,75,3.36
666,aksarka,ru,70.13630304039228,67.72227440591791,-12.31,58,24,2.71
668,atar,mr,22.470596072156184,-13.729726129197616,93.2,15,80,5.39
669,zhanatas,kz,46.2038080110037,70.11672035343014,No Data from API,No Data from API,No Data from API,No Data from API
670,port-gentil,ga,1.2364228497235388,6.569044854908384,78.8,88,20,4.7
672,bengkulu,id,-10.059835743450975,93.42792858378857,No Data from API,No Data from API,No Data from API,No Data from API
673,pitimbu,br,-8.11898364335157,-27.140895263301303,87.8,58,75,11.41
676,ngunguru,nz,-29.268164686682923,179.9569926011613,67.48,100,80,10.54
678,bilma,ne,17.928581312440542,11.715425806177478,97.18,15,8,11.32
682,indramayu,id,-5.684236492725347,109.02841863575304,69.28,94,88,4.05
688,stykkisholmur,is,64.75445893153179,-22.86218914369576,39.13,93,88,16.69
691,naze,jp,20.770181849300315,137.860018719896,66.81,100,0,11.43
696,milazzo,it,38.49842078562327,15.246056214957804,59.86,51,40,3.36
700,luxor,eg,25.33237696553219,33.22729966967421,100.4,22,56,4.7
701,elliot lake,ca,47.16133513636947,-82.6777538524329,35.6,93,90,23.04
709,kolyvan,ru,56.08245441920991,82.6132265939766,28.4,74,0,15.66
710,aljezur,pt,35.27492679048015,-12.047773215291215,63.07,88,0,12.1
712,apastovo,ru,54.96343372686343,48.576317232248925,33.8,80,90,6.71
715,guerande,fr,47.51372920440309,-2.5485656964833083,52.7,81,90,16.11
716,boende,cd,-1.2042582939968867,21.660471363419788,74.73,96,48,3.04
718,constitucion,cl,-30.88079830519753,-81.83901942335797,61.23,83,8,8.86
720,riyadh,sa,24.309427936558095,47.447304556878805,95,5,0,5.95
724,touba,ci,8.632912750213023,-7.624230897454595,90.66,60,12,3.15
725,kahului,us,26.04998993594313,-151.3762169921166,68.9,93,40,5.82
727,salinas,ec,-2.092601710627477,-81.56551735940945,52.74,87,75,2.15
732,nanortalik,gl,52.774834694448174,-42.38689150352917,25.36,100,44,25.64
733,maridi,sd,5.595531037030739,29.181540113338258,No Data from API,No Data from API,No Data from API,No Data from API
739,san cristobal,ec,-9.774720536433264,-89.1433543354538,64.56,99,64,3.15
742,ilulissat,gl,79.10361284582831,-47.01311174922063,-0.41,44,20,2.24
743,palabuhanratu,id,-22.30618540131077,93.79125837081176,No Data from API,No Data from API,No Data from API,No Data from API
744,dany,hu,47.53917906441765,19.530385987103244,49.37,79,0,16.11
746,komsomolskiy,ru,71.6165190299599,173.6833212472995,-15.23,66,0,7.18
747,kita,ml,12.290088797156287,-9.791341232659079,98.98,17,24,10.76
748,mala,pe,-12.650661500419218,-76.66449362442754,69.78,88,20,5.06
749,maceio,br,-15.83368195197086,-27.046442895106566,86,58,40,14.99
753,outlook,ca,51.56565756829687,-106.51857145920485,16.81,80,0,4.72
755,marcona,pe,-27.18258295310978,-92.53150444437486,No Data from API,No Data from API,No Data from API,No Data from API
765,babanusah,sd,11.572485578057368,27.935994604949798,No Data from API,No Data from API,No Data from API,No Data from API
768,shiyan,cn,32.88378839325334,110.75203801440125,54.48,80,36,1.92
770,narsaq,gl,87.6983940161306,-58.20383929977517,23,38,20,3.36
777,tual,id,-7.521917333541722,135.8182832608731,84,99,48,11.88
778,mukhen,ru,48.65414319319626,136.0625217570302,37.51,80,68,6.62
779,bac lieu,vn,8.681221068273828,105.85881909111424,No Data from API,No Data from API,No Data from API,No Data from API
781,kousseri,cm,12.975874378149669,14.111023457876826,107.6,6,0,5.82
782,poli,cm,8.228298057009638,13.429806922586664,103.08,16,0,5.28
786,smithers,ca,57.385613271251316,-126.28915352307877,33.8,100,75,2.93
787,letlhakane,bw,-21.90196930132899,25.687933408678532,78.51,66,0,16.13
789,barda,ru,57.149324337580794,55.70253510850421,25.81,80,92,4.16
795,fort portal,ug,1.0784314345819723,30.338235449596738,73.2,83,32,1.48
798,port blair,in,14.240935942391758,89.50921600610832,83.46,100,32,6.85
800,dzerzhinskoye,ru,56.751467369483606,94.82962362615268,28.69,72,88,8.97
811,hiroshima,jp,34.433630578056665,132.8025467594332,53.6,71,5,6.93
813,porto novo,cv,13.287211698613973,-36.91660606789867,77,53,20,23.04
819,coria del rio,es,37.25894935486755,-6.01141467564571,71.01,40,0,2.24
824,huarmey,pe,-19.443330985020722,-94.80257316764323,77.25,59,0,3.94
827,wanaka,nz,-44.87382899620531,168.48866335902085,52.68,54,0,6.62
836,buariki,ki,1.4865894813506344,173.5248573648484,No Data from API,No Data from API,No Data from API,No Data from API
838,pozo colorado,py,-23.2761977470594,-59.71031574207109,64.87,100,92,6.4
844,itoman,jp,24.55416480671856,127.77479032818724,66.94,82,20,4.7
848,dunedin,nz,-51.27301093065409,176.92765264908394,53.85,59,0,7.63
853,emerald,au,-24.048124448318873,143.43279601557998,79.81,63,20,9.53
855,carroll,us,41.763282513362384,-94.76229084848515,34.99,100,90,18.34
857,solnechnogorsk,ru,56.47058109980634,37.02647653946951,27.41,42,0,11.18
860,vestmanna,fo,66.48249081192813,-8.000393390775116,42.8,70,76,24.16
862,kulhudhuffushi,mv,7.816711539518167,66.13598812786213,80.44,100,76,2.93
865,port hedland,au,-19.54701286826881,118.95393918003316,82.4,88,0,6.93
866,armenion,gr,39.39997371520738,22.583112460724664,No Data from API,No Data from API,No Data from API,No Data from API
872,honiara,sb,-15.282405123523063,156.36989817378532,75.2,100,75,4.7
873,beira,mz,-20.26469725746061,36.27796850666141,77,94,75,11.1
875,praya,id,-11.257859863032365,115.70146468559614,78.8,88,20,3.36
878,seminole,us,27.75141559082506,-83.05466501367215,58.53,36,1,8.19
880,braine-le-comte,be,50.60363922426265,4.133336875876694,43.7,93,75,14.99
882,hailar,cn,48.25428299734614,119.66423274307408,31.98,79,88,23.51
884,aklavik,ca,78.18409578068017,-144.12243563575043,-15.34,75,5,3.36
890,metro,id,-4.565746868202169,106.4695101454152,72.48,100,92,6.17
893,vanavara,ru,60.45653783328879,100.93058411086201,21.4,80,68,6.06
894,snezhnogorsk,ru,68.21698292533006,87.23993105315782,23,73,40,8.95
898,zyryanka,ru,64.25116477561045,150.94585644867107,-4.88,54,12,2.37
899,mount gambier,au,-49.371794422899086,133.09608633748337,65.59,48,92,9.86
900,yumen,cn,44.07364953328795,97.92410095603111,50.38,34,8,7.85
901,klyuchi,ru,57.12720319990794,161.35861198432127,26.85,82,0,8.97
903,alcaniz,es,41.38167937058441,-0.26318149709322824,63.75,44,0,17.13
905,sisimiut,gl,64.39808059390234,-57.016526122599345,2.28,84,0,2.37
906,deputatskiy,ru,77.43031755281368,142.35636785827978,-2.63,79,56,4.16
909,hirtshals,dk,57.9859058877727,9.94871035615327,33.96,99,20,16.8
911,burnie,au,-43.221943924117426,143.99366268504713,63.43,98,92,25.08
912,oum hadjer,td,12.635080888532457,20.33659086220385,105.37,18,0,5.17
917,enkhuizen,nl,52.743935199674496,5.311298501357811,45.5,65,90,13.87
918,tuatapere,nz,-50.288048275863794,163.9465933960165,56.32,100,32,20.15
919,ascension,bo,-16.037574490524435,-63.45089176692683,No Data from API,No Data from API,No Data from API,No Data from API
921,ferreira do alentejo,pt,38.28267297756702,-8.02660128904057,73.4,25,0,14.99
925,aasiaat,gl,68.10419568588043,-52.238984338630544,1.6,100,20,9.98
926,pita,gn,10.881662640846315,-12.508212238048714,97.27,22,8,2.04
928,beisfjord,no,66.8287878229969,17.99940256015239,32,89,90,5.82
933,terney,ru,43.57472592787957,138.19946636405388,36.07,85,48,11.43
935,milevsko,cz,49.55028184049485,14.402180212469773,43.68,78,12,4.38
941,along,in,32.37259929370104,94.56382796755014,54.88,91,8,1.92
945,buba,gw,11.87054402453893,-14.845393864932362,88.5,49,56,5.95
947,santa fe,cu,21.703091863575395,-82.4057110111942,75.2,69,75,10.29
949,jinxiang,cn,27.4670726477255,120.94373139202963,66.49,65,0,13.22
951,hinton,ca,53.82210729517672,-117.55333654352538,36.61,66,76,7.18
954,ugoofaaru,mv,6.3625759554153944,63.57288522536777,82.51,100,56,4.05
957,sorong,id,2.4246870095858384,131.40689942825105,81.43,100,48,15.23
960,saint george,bm,32.21306418337416,-57.98641778697288,59,72,75,19.46
969,kasangulu,cd,-4.869865277661688,15.102178112779512,89.6,59,75,11.41
972,mokshan,ru,53.5494001430489,44.59537816114235,30.31,95,88,8.75
977,manakara,mg,-22.33814976577466,49.948292931560644,77.83,94,0,5.39
978,hauterive,ca,49.25124734265739,-68.36106937317489,33.01,74,1,8.05
980,thinadhoo,mv,-0.3618107276014797,65.47371561357667,84.31,100,88,6.85
981,sabzevar,ir,35.41373565980841,56.683646734147146,80.6,34,75,11.41
983,lasa,cn,33.53093370268361,89.80889549893851,No Data from API,No Data from API,No Data from API,No Data from API
984,russell,nz,-30.806207427007166,178.17274536550008,60.6,89,68,6.73
985,novopavlovka,ru,51.31914717510361,109.4815795969464,18.16,60,0,3.15
991,callaguip,ph,18.54567271005969,118.4895410281469,70.54,92,0,6.62
996,broome,au,-18.235069737767077,125.21512557434448,86,89,12,4.7
998,belyy yar,ru,60.340410052035935,86.40610498581594,33.8,59,0,11.18
1000,west plains,us,36.43932244372519,-91.21823299083322,62.6,93,90,10.29
1001,namwala,zm,-15.476838938748955,26.083849668016086,85.03,48,92,12.21
1002,dekoa,cf,6.908662602346183,19.851763713937203,No Data from API,No Data from API,No Data from API,No Data from API
1003,moron,mn,47.19858834096735,100.0837998854418,30.04,41,0,10.42
1007,northam,au,-29.983370325692213,117.03907389488722,59,72,0,7.96
1008,carlibaba,ro,47.68599354443475,25.082720815195813,34.54,93,88,1.81
1010,bemidji,us,47.81340487082713,-94.2455156895365,30.7,92,90,6.93
1011,guerrero,mx,26.817582707258808,-99.04840740284682,60.6,61,0,4.38
1016,kikwit,cd,-7.038835057356664,18.73898315947949,88.18,68,20,4.61
1017,amapa,br,1.768992276648305,-49.11290139496134,85.08,75,20,4.16
1023,loa janan,id,0.24965627730942686,116.1156911559583,73.69,100,8,1.92
1032,pangnirtung,ca,63.998871053460704,-63.10141032145353,-5.81,70,40,13.87
1036,vestmannaeyjar,is,57.88332801025825,-21.848843683287157,39.2,86,75,34.45
1040,verdun,fr,49.07858447580398,5.580751487063509,44.6,81,92,20.8
1042,abha,sa,17.51825440029866,40.75263465545959,78.06,44,20,4.7
1043,idio,ph,11.697769382108717,122.10634468458164,78.91,99,68,15.23
1047,vilhena,br,-11.377976240174718,-58.53729725064625,71.6,100,90,10.29
1049,riberalta,bo,-11.363514119151588,-66.55436460353152,75.2,78,75,6.93
1053,haibowan,cn,40.459864779744834,106.05401387514104,No Data from API,No Data from API,No Data from API,No Data from API
1055,mwanza,mw,-15.308342755413634,33.77067851130428,77,73,40,8.05
1056,abonnema,ng,4.234180187495667,6.664843771164982,89.6,66,75,9.17
1057,pierre,us,42.76196151278748,-99.74125880555545,35.6,73,1,8.05
1060,sabha,ly,28.915367175038313,13.074025226394781,74.5,21,0,20.6
1062,ikalamavony,mg,-20.61065957090176,45.6713709017248,75.04,45,0,4.5
1064,uray,ru,60.9600256458709,65.56285096729172,15.19,65,44,5.39
1073,coos bay,us,42.48303018429499,-128.10453457517227,40.23,100,90,5.82
1074,santa cruz de la palma,es,29.824898207230035,-17.904164063265995,69.8,60,75,16.11
1077,newport,us,45.58426389285839,-125.26261256248861,40.84,56,1,14.99
1078,do gonbadan,ir,30.611821793369387,50.635355724166175,91.4,6,0,9.17
1083,nosy varika,mg,-21.053251053825676,50.30027947371741,76.53,100,24,4.5
1084,kalmanka,ru,52.93993931193893,83.46836823795189,32,87,0,6.71
1085,puerto maldonado,pe,-12.526217688449492,-69.46647820021096,73.4,78,40,3.36
1086,makat,kz,49.139203322088974,53.46980507417726,41.7,88,36,10.09
1088,grand-santi,gf,4.6890199262306425,-54.450708774563,77.47,91,56,3.49
1094,tsabong,bw,-25.740883078048384,21.827852826800438,89.98,21,0,7.52
1096,deer lake,ca,49.56526370669428,-56.90619421627616,39.2,29,5,10.29
1102,vila do maio,cv,14.107063016227073,-21.997925399965993,80.6,47,20,18.34
1107,yakima,us,46.01774485968784,-121.37365006571125,43.16,80,40,3.15
1110,seymchan,ru,62.932586286469785,151.8373888829786,-5.2,52,48,1.14
1112,tripoli,ly,34.44569368278509,13.47683768985874,62.6,63,75,11.41
1113,omboue,ga,-1.797303773602934,7.967517302065062,83.32,100,48,9.31
1115,kure,jp,34.23070878938829,132.46958159245543,53.6,71,5,6.93
1117,basqal,az,40.90781102441636,48.28750236270997,53.89,63,0,4.16
1119,zinder,ne,14.228806766885924,9.522255920785,102.2,4,0,9.17
1122,maniitsoq,gl,61.177994597251256,-57.06564524858027,4.66,100,12,5.61
1123,pedasi,pa,6.150672847405616,-79.80449337220816,77.92,95,12,18.25
1124,harper,lr,4.88863417133733,-8.205038454234995,83.55,98,12,13
1127,sur,om,14.308261595588121,62.815991374917076,79.36,81,0,2.15
1130,maxixe,mz,-22.588754816450717,35.485350877211545,82.4,74,40,16.11
1134,araguacu,br,-12.64196691426271,-49.933592155173955,No Data from API,No Data from API,No Data from API,No Data from API
1136,prata,br,-19.29065856172643,-49.01825725924394,81.97,83,12,6.96
1137,butzow,de,53.83435993782578,11.767486062465593,45.46,39,0,4.7
1140,syracuse,it,35.663946713134706,18.17268816745144,No Data from API,No Data from API,No Data from API,No Data from API
1143,katsuura,jp,25.291002875251962,151.21770773910526,46.42,83,0,2.37
1145,atasu,kz,46.57929429502869,71.10633800645442,33.15,83,12,5.95
1150,kozan,tr,37.48267572020839,35.87735780418703,75.2,31,0,10.29
1151,vitoria da conquista,br,-14.76711653568941,-40.87396347245459,No Data from API,No Data from API,No Data from API,No Data from API
1155,north bend,us,43.219011388635806,-127.65139617181168,40.23,100,90,5.82
1158,biryusinsk,ru,55.52258858056982,97.51628700012765,29.05,70,68,7.74
1160,mahenge,tz,-8.735984326345744,37.05932841782331,77.65,86,64,2.71
1162,general jose eduvigis diaz,py,-27.274398785977183,-58.35349631428626,71.6,73,0,3.36
1163,mackay,au,-21.831358971938045,149.7493560659833,78.8,88,75,13.87
1164,sindor,ru,63.6620379871859,51.59624828530042,2.77,65,0,2.82
1167,belle fourche,us,45.27288510299849,-104.69198666593931,32.83,50,1,5.82
1168,darnetal,fr,49.59303383273053,1.5198418152703255,52.43,87,90,16.11
1172,buchmany,ua,50.86619431381297,28.03894463634066,42.06,93,44,9.31
1173,malindi,ke,-2.5919002929723547,39.32658232249287,86,66,75,11.41
1175,aripuana,br,-7.823417098798444,-59.95631411985919,81.3,86,92,2.93
1180,taoudenni,ml,22.276943286269002,-1.9583710622231365,83.86,14,24,18.25
1183,beringovskiy,ru,60.5867603600972,178.54549192227796,7,100,32,12.44
1187,ponta delgada,pt,32.38318723504932,-27.78697253775576,64.4,72,20,8.05
1188,bafoulabe,ml,14.028764799827883,-10.13300812396622,98.53,19,68,8.52
1189,nemuro,jp,36.58733465752239,150.0805442226408,38.23,84,0,19.71
1190,mocuba,mz,-18.30793078580055,38.322085183856785,82.78,79,48,6.4
1192,santiago del estero,ar,-28.08654158309791,-62.353709270167926,74.77,52,24,4.72
1199,altamira,br,-4.032429329987579,-52.546753268605045,84.2,74,75,5.82
1200,olinda,br,-9.188937132764991,-31.56498250352621,87.21,52,20,4.7
1202,amahai,id,-2.0311634666389438,128.3863422180512,83.28,100,76,10.2
1207,damietta,eg,32.285381318188044,31.585487253488367,71.6,78,0,8.05
1210,praia da vitoria,pt,45.43551358443105,-22.197259385723356,69.8,73,20,11.77
1211,egvekinot,ru,61.290882356606886,-179.30801809774172,4.98,81,80,3.04
1225,yar-sale,ru,68.66145853305628,70.9539374780939,-11.63,75,20,14.79
1228,batagay,ru,66.86748316758903,134.86328259991598,10.6,83,36,8.75
1233,la carlota,es,37.78489111878689,-4.869036898005021,69.8,43,0,2.24
1236,baykit,ru,64.75785146772952,96.23999971759503,19.69,79,68,9.98
1238,bowen,au,-19.548932750123484,148.98765795068942,78.8,83,75,10.29
1241,slobozia-ciorasti,ro,45.59159683678661,27.18755882340045,40.26,91,80,3.15
1247,pombas,cv,18.51929972952847,-23.795420515048278,69.64,100,0,15.35
1250,kilindoni,tz,-8.915739930010275,40.23976109516039,82.65,100,8,4.38
1254,wanning,cn,16.28549128259351,112.9094011307227,72.97,100,0,7.63
1260,gijon,es,44.828273781025416,-5.58301142045886,57.2,76,0,12.75
1262,gawler,au,-33.891805886612644,139.22709874715093,71.6,26,0,8.05
1263,saint-francois,gp,19.606920465644976,-52.24362201258708,78.8,78,75,4.7
1264,ikot ekpene,ng,5.126219201916811,7.674523571599906,91.4,55,75,6.93
1267,kibala,ao,-11.048297388967868,15.44589861840015,No Data from API,No Data from API,No Data from API,No Data from API
1269,teneguiban,ph,11.845148664110368,119.30434259766992,No Data from API,No Data from API,No Data from API,No Data from API
1273,jiaozuo,cn,35.15815293962541,113.08764597455007,52.18,39,0,3.6
1275,nova olimpia,br,-14.853080680967835,-58.039202779514554,74.55,100,92,3.71
1276,tombouctou,ml,17.23853440728493,-2.392009535588244,96.19,13,88,10.98
1282,bossangoa,cf,6.263426472833956,17.305167110027554,96.15,39,20,5.17
1283,ouadda,cf,7.531086061658243,22.793700525738586,91.51,47,44,8.63
1286,siljan,no,59.29141281840671,9.551558688359592,34.43,49,0,9.17
1290,kamenskoye,ru,63.778686609154704,167.93756748240207,No Data from API,No Data from API,No Data from API,No Data from API
1291,dudinka,ru,69.31020095507958,86.39504137824025,14.83,85,68,9.19
1296,kieta,pg,-0.9419374849355648,157.72797439608485,77.38,100,36,3.94
1299,palana,ru,59.745332314251215,159.7398281536437,21.63,84,68,3.94
1304,asau,tv,-15.29999752588678,179.73960210199868,No Data from API,No Data from API,No Data from API,No Data from API
1306,sibolga,id,0.5550356932919414,97.59648589280869,68.92,100,88,1.36
1310,san policarpo,ph,12.394215392825231,126.84382234228059,75.45,100,92,13.67
1311,trento,it,46.21894951250391,11.053537473639011,42.8,30,40,3.36
1313,ternate,id,2.5874418337577367,128.31637116529254,80.4,100,100,10.42
1315,kanigiri,in,15.209202423690613,79.41469344057833,84.63,58,80,9.98
1321,semiletka,ru,55.36645529995329,54.70230930880527,30.63,94,88,12.44
1329,rolim de moura,br,-12.506107680099205,-62.469606858759064,No Data from API,No Data from API,No Data from API,No Data from API
1335,abalak,ne,16.280616304987788,6.110639178653912,99.03,17,0,10.42
1342,poronaysk,ru,49.264723552534235,144.03405249604185,28.87,76,24,3.38
1347,san zenon,co,9.330048156212214,-74.22462507023718,86.43,73,0,2.48
1350,cap malheureux,mu,-15.516028756902315,58.170724056703506,82.4,69,75,3.36
1352,haines junction,ca,61.071047014112,-143.26570006545964,2.5,76,80,1.92
1355,makakilo city,us,8.044611927322208,-166.46172596072492,66.69,93,75,3.36
1359,redcar,gb,54.61437597662598,-1.0615309112201317,52.16,76,75,8.05
1362,boyolangu,id,-10.34228683940266,111.65445142141112,73.87,87,64,5.39
1369,santa maria,cv,19.86257838361665,-22.641800928960066,76.03,57,40,16.11
1374,saint-paul,re,-21.120841322039354,53.57473183197919,78.84,73,90,4.7
1376,kaeo,nz,-29.862580515452876,175.5581214478401,60.6,89,68,6.73
1383,saryshagan,kz,45.26689007529066,74.24457156836047,No Data from API,No Data from API,No Data from API,No Data from API
1400,turbat,pk,27.204816638879677,64.23586706626295,87.78,9,0,5.39
1402,lebowakgomo,za,-24.047345764257884,29.69590778671966,73.4,56,20,6.93
1403,khani,ru,57.18628515060527,122.0535022068446,No Data from API,No Data from API,No Data from API,No Data from API
1405,sibut,cf,5.744282761530627,18.739492774090593,91.42,53,0,7.96
1409,cheuskiny,ru,61.97657295944211,72.62161272721434,No Data from API,No Data from API,No Data from API,No Data from API
1411,karpogory,ru,63.91410208416028,44.47654983021977,13.48,52,0,4.5
1412,sturgeon bay,us,44.86639861161436,-87.20384388013923,39.2,93,90,11.41
1419,hovd,mn,44.566289568682095,100.55298254704974,36.07,29,0,8.63
1425,ocos,gt,10.528430695626426,-95.57167391126995,79.75,69,75,1.59
1427,lata,sb,-3.748664401141937,165.80415563922048,No Data from API,No Data from API,No Data from API,No Data from API
1431,guadalupe y calvo,mx,26.97809658365641,-106.88294126127344,57.22,31,56,4.72
1435,novaya igirma,ru,57.32256942248688,104.55384626094332,22.53,68,56,6.62
1439,ceres,za,-32.53482019752438,19.462254652486337,79.63,21,0,6.17
1440,sinnamary,gf,13.379584616481722,-47.451098222818814,77.74,100,80,10.98
1441,khuzdar,pk,27.07397864076833,66.25466223110391,70.27,19,0,6.17
1443,maltahohe,na,-24.17177911344143,15.806055049426277,76.48,48,80,5.39
1445,bereda,so,11.935511123294077,51.28624045614188,No Data from API,No Data from API,No Data from API,No Data from API
1448,bonfim,br,1.4701150948376807,-58.33860130158905,80.6,54,75,10.29
1450,ballina,ie,58.48153274358634,-12.886764939947142,42.8,75,75,14.99
1462,goundam,ml,17.351581193639618,-3.913075238979104,96.96,16,0,11.43
1465,cockburn harbour,tc,22.752542928194416,-71.70391640546259,No Data from API,No Data from API,No Data from API,No Data from API
1467,half moon bay,us,32.119314254970234,-132.87673330077942,49.44,87,1,10.29
1468,nolinsk,ru,57.546253750291356,49.849616835659305,21.4,90,88,6.96
1471,chifeng,cn,43.64386164569771,120.07878961923694,54.93,42,64,6.17
1472,kaseda,jp,31.27007511722546,130.03767495917788,61.68,100,100,4.61
1473,yamada,jp,39.12989108924043,142.75711900038743,50,66,0,3.36
1476,schoneiche,de,52.080508280538226,13.622691231763326,45.52,48,75,3.36
1478,ruatoria,nz,-37.02081824895983,178.28769530821046,No Data from API,No Data from API,No Data from API,No Data from API
1479,maumere,id,-8.290881487115612,122.25453355900635,82.11,100,20,4.61
1481,duz,tn,31.22600658276866,8.727261591605355,No Data from API,No Data from API,No Data from API,No Data from API
1490,murwara,in,23.72505708682702,80.25317691569273,73.06,27,0,5.73
1491,kirando,tz,-7.345881392477722,30.182840346642763,78.91,96,12,4.38
1495,moranbah,au,-22.477966272694772,146.71857522201748,74.1,81,12,10.42
1496,zhigansk,ru,68.47048865846918,123.54930517503124,-5.11,68,0,2.37
1498,luyang,cn,33.483676916548546,113.0916183328593,66.2,68,0,11.18
1499,neuquen,ar,-37.156207579233254,-68.39390944515137,62.6,42,0,3.36
1507,miri,my,2.775336026635216,114.86522680520238,78.8,94,75,2.24
1516,koulikoro,ml,13.064911467014255,-7.04675517012663,102.2,3,0,9.17
1519,slave lake,ca,55.474844206803425,-114.25503557420413,14,92,90,14.99
1522,gushikawa,jp,23.903887132415193,131.77404101398872,67.06,82,20,4.7
1525,manaure,co,14.573836524646453,-73.35476030825905,84.2,62,75,13.87
1526,takoradi,gh,4.585954385540518,-1.4333171991174822,84.31,90,44,10.65
1529,excelsior springs,us,40.01957964189995,-93.78168550814348,40.59,86,90,8.05
1532,awash,et,9.290825899875415,40.16992178872027,83.46,20,0,6.62
1536,tiszavasvari,hu,47.9494020392967,21.334661256419764,48.2,86,75,5.82
1538,brighton,gb,50.85571927031259,-0.13143937412502282,55.87,87,40,16.11
1547,phuket,th,7.837263892764597,98.50938564037915,83.01,66,20,4.7
1555,tigil,ru,57.46305953733011,158.42026693545046,15.73,79,76,5.39
1557,taburi,ph,9.192660282613772,115.59425664594681,No Data from API,No Data from API,No Data from API,No Data from API
1558,karratha,au,-18.890724476808614,114.30791480355265,86.25,54,0,9.98
1559,kiknur,ru,57.190787027387074,47.01732993412284,24.01,80,88,4.94
1567,cururupu,br,-0.9989005725886813,-43.63214132488778,86.2,89,8,6.29
1568,stende,lv,57.107703746915774,22.466337963121305,30.2,54,0,11.41
1571,hualmay,pe,-22.732973704078788,-96.06924945876864,74.28,72,12,4.38
1576,urgut,uz,39.041388261839955,67.27641741394231,51.8,81,40,13.87
1577,savelugu,gh,10.1493080283593,-0.30426558275217985,104.2,24,0,4.61
1578,ghatal,in,22.703475154450317,87.77686098004807,77.11,51,0,2.37
1579,kurinjippadi,in,11.673960086645096,79.61570781440554,80.58,94,0,8.19
1581,champua,in,21.66633577779386,85.88459408982402,72.97,40,0,4.5
1584,vao,nc,-24.606467638518538,166.64827720270944,79.99,97,92,22.28
1592,kalmar,se,56.764781524193126,16.37301937214059,32,79,40,9.17
1593,hastings,nz,-40.65724733663076,177.7951093537239,64.69,95,0,14.79
1594,taiyuan,cn,38.00622605217589,111.70887559080785,60.8,23,0,4.47
1597,sept-iles,ca,54.529703801287695,-68.03745143066548,32,67,40,6.93
1598,xiaoweizhai,cn,25.303696766217556,106.95170127001376,53.31,95,68,2.15
1602,tahta,eg,25.21280099380843,29.187468438347395,87.8,19,0,11.41
1605,labuhan,id,-13.742328683381245,98.74242400152235,73.24,96,32,1.59
1606,imeni poliny osipenko,ru,52.831060654093875,136.3529649358901,25.81,74,64,3.71
1612,ambanja,mg,-13.686627018133152,48.54953658184766,82.4,96,40,6.93
1613,puerto madryn,ar,-42.22514013801274,-66.44162824325343,65.86,69,80,7.29
1615,auki,sb,-2.73397958302877,164.68869338974207,79.27,100,32,2.15
1617,chute-aux-outardes,ca,50.01932139456568,-68.93712123239986,32.99,74,1,8.05
1618,skiros,gr,39.44785267720454,24.583014945162773,No Data from API,No Data from API,No Data from API,No Data from API
1619,shelburne,ca,38.60855048847,-62.688833206133296,36.77,98,90,13.87
1620,karaul,ru,74.1683257394804,85.15401417244982,No Data from API,No Data from API,No Data from API,No Data from API
1621,batetskiy,ru,58.91937304274879,30.73605285321588,27.16,59,8,5.17
1625,arona,es,25.881260906368254,-17.615878740775884,67.89,56,20,21.92
1629,muisne,ec,3.3367874084581928,-83.29531325835286,73.51,100,100,3.83
1632,jalu,ly,27.69626739200376,25.36640847483443,86.43,30,20,5.61
1634,coolum beach,au,-25.60011182793751,156.8436715113068,73.06,100,80,8.75
1641,eureka,us,40.902472643881424,-134.3509270833237,44.62,81,20,3.36
1642,oktyabrskiy,ru,52.7184064183173,153.54903732278268,27.07,68,40,13.42
1643,rodez,fr,44.212332251930576,2.7237297006491588,48,93,92,18.34
1649,pundaguitan,ph,4.9372020356197055,128.82229476042335,83.41,98,0,4.05
1653,denpasar,id,-9.822143131149346,115.27380837741481,73.24,100,56,1.36
1654,tevriz,ru,58.87188245098292,72.7758703051108,29.28,88,88,9.42
1660,dargaville,nz,-36.64886574895549,172.93185523386728,59.38,92,44,6.17
1673,zharkent,kz,44.67259116749301,80.6849130494046,36.07,87,64,0.92
1674,masaguisi,ph,12.770892589357288,121.22275449917106,69.15,89,24,2.37
1676,bedele,et,8.67234803447839,36.31778411008008,76.48,62,0,2.48
1681,dwarka,in,19.547130327763725,66.48192229092598,87.8,23,0,4.7
1683,tautira,pf,-17.2968581493012,-143.80233749204714,78.8,78,64,3.36
1688,netrakona,bd,25.27191174805654,90.86814989135416,69.55,95,0,8.63
1691,libourne,fr,44.841948199553116,-0.030756989981682636,54.55,100,90,19.46
1699,kushva,ru,58.34653959091776,59.67456713385886,21.04,70,76,2.59
1703,novosergiyevka,ru,52.238254100373865,53.53098863017556,30.13,94,64,10.09
1705,isangel,vu,-24.778465228094547,177.5139851569446,79.86,100,88,20.83
1707,kochubey,ru,44.35388103982683,46.62549017459054,45.16,91,64,8.41
1718,los llanos de aridane,es,27.7379986136375,-24.171724717310838,69.8,60,75,16.11
1721,guntakal,in,15.096904315355289,77.55184329814324,84.13,34,8,6.96
1724,uinskoye,ru,57.03108620134819,56.52056717055552,23.65,84,88,4.83
1728,loralai,pk,31.37052889447179,68.37145992129325,66.9,12,0,12.44
1732,bolshiye uki,ru,57.07892963501499,72.55169553262473,No Data from API,No Data from API,No Data from API,No Data from API
1733,san miguelito,ni,11.654536308562768,-85.02658045344685,79.41,100,0,22.28
1735,tarauaca,br,-10.26555381709774,-71.63123079229564,73.4,88,90,3.36
1740,loganville,us,33.899381541583864,-83.90006599532809,46.62,93,90,10.29
1744,almenara,br,-15.870323319327866,-40.60288419043309,77.2,79,88,3.38
1746,tabiauea,ki,0.26101759328683727,172.51231740323243,No Data from API,No Data from API,No Data from API,No Data from API
1754,weston,us,26.20333678699545,-80.87001565868816,40.17,30,1,4.7
1755,wheeling,us,40.11401071791278,-81.06538930167255,37.96,93,90,10.29
1759,taujica,hn,15.710899487540559,-85.93093022662728,74.41,83,76,2.15
1768,petropavlovka,ru,50.065135233871814,105.55461826340547,23.74,72,20,2.82
1773,tura,ru,67.91068019915897,101.37790862679753,17.08,71,76,6.4
1778,the valley,ai,25.110468170180994,-61.08901139817637,81.46,58,40,11.41
1781,koslan,ru,66.49971587693804,48.45099025518414,9.93,61,0,4.16
1788,lieksa,fi,63.84452699678005,30.386421923590092,22.71,66,48,6.17
1809,buon me thuot,vn,12.425752241951827,108.12812405114533,No Data from API,No Data from API,No Data from API,No Data from API
1816,yeppoon,au,-21.25091380304704,152.21622541361995,77,78,75,8.05
1822,palmer,us,55.197605960418684,-144.75711442857178,22.44,67,90,5.82
1824,beitbridge,zw,-21.515577920646905,30.697358155321552,80.53,61,12,12.66
1825,bria,cf,6.477288824402322,22.040816805138803,89.44,50,20,9.75
1826,galesong,id,-6.274782618064805,118.18804112736262,77,94,20,1.12
1832,nome,us,68.66115632533658,-162.2845669085207,75.63,69,75,12.75
1838,bargal,so,10.04218276231181,58.46876624942254,No Data from API,No Data from API,No Data from API,No Data from API
1841,tala,mx,20.64786561303157,-103.63994187344765,59,44,5,3.27
1842,turayf,sa,30.706489676489042,39.298564155692105,86,17,76,11.41
1849,prince rupert,ca,46.97020156608755,-135.9950093513313,41,86,90,16.11
1853,luanda,ao,-9.763449513204009,12.14334674906712,86,70,75,14.99
1854,oktyabrskoye,ru,62.84818274710079,66.92107858472548,27.16,77,88,10.31
1858,avon lake,us,41.81862905645761,-82.07852349821005,42.06,87,90,17.22
1863,gigmoto,ph,15.0965913116069,126.8606770353486,78.91,100,88,16.02
1869,soyo,ao,-8.633088589207333,8.229672549172818,83.28,82,56,7.63
1874,scottsburgh,za,-31.70604175236918,32.81404960420801,No Data from API,No Data from API,No Data from API,No Data from API
1875,kyra,ru,48.05575963390223,112.01011578699001,22.98,47,0,7.74
1879,aldan,ru,58.59281918847816,124.28425525175322,14.56,63,64,6.73
1880,tabarqah,tn,37.631497840637905,8.265437198159674,No Data from API,No Data from API,No Data from API,No Data from API
1881,poroschia,ro,43.95290742194916,25.373831783194532,42.19,99,48,8.52
1882,kawana waters,au,-25.877355078078097,157.35638292101214,No Data from API,No Data from API,No Data from API,No Data from API
1894,constantine,dz,36.09135850264519,7.314385595758324,53.6,54,40,16.11
1898,vallenar,cl,-28.98869821036476,-71.11959452417973,69.15,71,0,2.37
1904,vaitape,pf,-16.699622409878558,-153.80944970383126,82.15,100,64,16.69
1911,ndola,zm,-12.538430031999354,29.389850683232538,79.05,60,76,9.19
1916,brae,gb,63.44990302768585,-2.2626740450928935,40.23,86,40,27.51
1919,cockburn town,tc,27.308630087183474,-68.83554165377807,72.16,100,92,19.71
1921,khasan,ru,42.279054737636756,130.84998822386825,31.98,98,0,2.59
1923,gardan diwal,af,34.204935144646655,67.75264995089029,No Data from API,No Data from API,No Data from API,No Data from API
1927,la tuque,ca,47.86988034290434,-72.31988541211578,38.5,53,36,6.51
1930,kabompo,zm,-13.757823675167813,23.751177173372497,83.86,59,24,7.4
1935,axim,gh,-4.204891373363068,-3.7106407969388897,83.32,96,0,14.12
1940,mayumba,ga,-5.586092275880105,8.324557557198915,81.61,100,68,8.3
1944,salym,ru,60.374833348403456,72.00448159402231,18.88,69,80,4.16
1945,labutta,mm,15.92004083933901,93.12818571931541,No Data from API,No Data from API,No Data from API,No Data from API
1946,ardmore,us,34.35004289480602,-96.88116668775068,57.22,100,90,11.41
1948,naifaru,mv,5.1247734893889145,74.98412122415303,82.51,100,56,4.05
1953,tuusula,fi,60.463052401841225,24.964937811943685,28.4,46,20,12.75
1966,santa luzia,br,-8.060990970990446,-47.643400946980734,78.35,57,20,6.93
1967,buchanan,lr,3.7517460738533686,-10.378224770107522,89.6,62,75,16.11
1972,fort nelson,ca,59.0950930533746,-123.59180065456164,6.8,84,90,2.24
1980,umm kaddadah,sd,14.324435555475503,28.445873029895836,101.23,8,0,4.61
1982,chiang rai,th,19.707737060533674,99.04145675042344,75.2,94,75,4.7
1989,handan,cn,36.55246908286706,114.62308920893628,69.73,24,0,11.77
1991,fort saint john,ca,57.80451906583559,-120.18589212101601,No Data from API,No Data from API,No Data from API,No Data from API
1992,vostok,ru,52.41557110899848,149.89540468728188,36.88,76,88,4.83
1993,atherton,au,-18.081301555718937,142.00703006815934,78.8,88,75,8.05
1995,mildura,au,-33.03840606710579,142.25727309872588,56.91,67,0,9.64
1998,darab,ir,29.319262601065674,54.77308652112211,66.22,23,0,1.59
1999,kongwa,tz,-5.857731781433884,36.44672429363487,74.05,69,32,8.41
